Nthreads, Throughput(Kops/sec),List_size, Workload,Runtime(sec)
1, 231.59,1024, (20/40/40),10
1, 21.84,8192, (20/40/40),10
2, 448.98,1024, (20/40/40),10
2, 43.93,8192, (20/40/40),10
4, 883.99,1024, (20/40/40),10
4, 86.26,8192, (20/40/40),10
8, 1703.34,1024, (20/40/40),10
8, 159.49,8192, (20/40/40),10
16, 2721.78,1024, (20/40/40),10
16, 289.66,8192, (20/40/40),10
32, 4464.94,1024, (20/40/40),10
32, 536.10,8192, (20/40/40),10
64, 6575.84,1024, (20/40/40),10
64, 783.82,8192, (20/40/40),10